RP2040-Zero,Designator,Footprint,Quantity,Designation,Comment,JLCPCB Part #（optional）,
1,U6,inverse_socket_MX_hotswap,1,F3,,,
2,U24,inverse_socket_MX_hotswap,1,5,,,
3,U63,inverse_socket_MX_hotswap,1,,,,
4,U79,inverse_socket_MX_hotswap,1,ArUp,,,
5,U76,inverse_socket_MX_hotswap,1,?,,,
6,U82,inverse_socket_MX_hotswap,1,LAlt,,,
7,U44,inverse_socket_MX_hotswap,1,I,,,
8,U90,inverse_socket_MX_hotswap,1,RSuper,,,
9,U15,inverse_socket_MX_hotswap,1,F12,,,
10,U19,inverse_socket_MX_hotswap,1,`,,,
11,U34,inverse_socket_MX_hotswap,1,Home,,,
12,U65,inverse_socket_MX_hotswap_2.5U_stabilizers,1,Ent,,,
13,U11,inverse_socket_MX_hotswap,1,F8,,,
14,U91,inverse_socket_MX_hotswap,1,Fn,,,
15,U39,inverse_socket_MX_hotswap,1,E,,,
16,U92,inverse_socket_MX_hotswap,1,RCtrl,,,
17,U22,inverse_socket_MX_hotswap,1,3,,,
18,U55,inverse_socket_MX_hotswap,1,S,,,
19,U7,inverse_socket_MX_hotswap,1,F4,,,
20,U31,inverse_socket_MX_hotswap,1,=,,,
21,"H8,H6,H2,H1,H7,H5,H9,H3,H4",MountingHole_2.1mm,9,MountingHole_Pad,,,
22,U12,inverse_socket_MX_hotswap,1,F9,,,
23,U33,inverse_socket_MX_hotswap,1,Ins,,,
24,U86,inverse_socket_MX_hotswap,1,Space4,,,
25,U48,inverse_socket_MX_hotswap,1,],,,
26,U80,inverse_socket_MX_hotswap,1,LCrtl,,,
27,U98,inverse_socket_MX_hotswap,1,custom5,,,
28,U49,inverse_socket_MX_hotswap,1,\,,,
29,U69,inverse_socket_MX_hotswap,1,C,,,
30,U68,inverse_socket_MX_hotswap,1,X,,,
31,U26,inverse_socket_MX_hotswap,1,7,,,
32,U75,inverse_socket_MX_hotswap,1,>,,,
33,U61,inverse_socket_MX_hotswap,1,K,,,
34,U21,inverse_socket_MX_hotswap,1,2,,,
35,U50,inverse_socket_MX_hotswap,1,Del,,,
36,U45,inverse_socket_MX_hotswap,1,O,,,
37,U41,inverse_socket_MX_hotswap,1,T,,,
38,U53,inverse_socket_MX_hotswap,1,Caps,,,
39,U27,inverse_socket_MX_hotswap,1,8,,,
40,U23,inverse_socket_MX_hotswap,1,4,,,
41,U35,inverse_socket_MX_hotswap,1,PaUp,,,
42,U87,inverse_socket_MX_hotswap,1,Space5,,,
43,U4,inverse_socket_MX_hotswap,1,F1,,,
44,U60,inverse_socket_MX_hotswap,1,J,,,
45,U16,inverse_socket_MX_hotswap,1,PR_SC,,,
46,U58,inverse_socket_MX_hotswap,1,G,,,
47,U46,inverse_socket_MX_hotswap,1,P,,,
48,U36,inverse_socket_MX_hotswap,1,Tab,,,
49,U94,inverse_socket_MX_hotswap,1,ArDw,,,
50,U40,inverse_socket_MX_hotswap,1,R,,,
51,U3,inverse_socket_MX_hotswap,1,custom1,,,
52,U25,inverse_socket_MX_hotswap,1,6,,,
53,U43,inverse_socket_MX_hotswap,1,U,,,
54,U59,inverse_socket_MX_hotswap,1,H,,,
55,U57,inverse_socket_MX_hotswap,1,F,,,
56,U17,inverse_socket_MX_hotswap,1,SCRLC,,,
57,U83,inverse_socket_MX_hotswap,1,Space1,,,
58,U56,inverse_socket_MX_hotswap,1,D,,,
59,U20,inverse_socket_MX_hotswap,1,1,,,
60,U89,inverse_socket_MX_hotswap,1,RAlt,,,
61,U30,inverse_socket_MX_hotswap,1,-,,,
62,U66,inverse_socket_MX_hotswap_2.5U_stabilizers,1,LShif,,,
63,U85,inverse_socket_MX_hotswap,1,Space3,,,
64,U32,inverse_socket_MX_hotswap_2.5U_stabilizers,1,BackSp,,,
65,U67,inverse_socket_MX_hotswap,1,Z,,,
66,U18,inverse_socket_MX_hotswap,1,PoBr,,,
67,U84,inverse_socket_MX_hotswap,1,Space2,,,
68,U14,inverse_socket_MX_hotswap,1,F11,,,
69,U81,inverse_socket_MX_hotswap,1,LSuper,,,
70,U74,inverse_socket_MX_hotswap,1,<,,,
71,U88,inverse_socket_MX_hotswap,1,custom2,,,
72,U51,inverse_socket_MX_hotswap,1,End,,,
73,U99,waveshare-rp2040-pad_solder_with_cutout,1,RP2040,RP2040-Zero,C5350143,
74,U13,inverse_socket_MX_hotswap,1,F10,,,
75,U28,inverse_socket_MX_hotswap,1,9,,,
76,U10,inverse_socket_MX_hotswap,1,F7,,,
77,U96,inverse_socket_MX_hotswap,1,custom3,,,
78,U95,inverse_socket_MX_hotswap,1,ArRi,,,
79,U2,inverse_socket_MX_hotswap,1,ESC,,,
80,U54,inverse_socket_MX_hotswap,1,A,,,
81,U70,inverse_socket_MX_hotswap,1,V,,,
82,U8,inverse_socket_MX_hotswap,1,F5,,,
83,U29,inverse_socket_MX_hotswap,1,0,,,
84,U52,inverse_socket_MX_hotswap,1,PaDo,,,
85,U5,inverse_socket_MX_hotswap,1,F2,,,
86,U78,inverse_socket_MX_hotswap,1,RShif,,,
87,U37,inverse_socket_MX_hotswap,1,Q,,,
88,U97,inverse_socket_MX_hotswap,1,custom4,,,
89,U77,inverse_socket_MX_hotswap,1,Custom,,,
90,U42,inverse_socket_MX_hotswap,1,Y,,,
91,U71,inverse_socket_MX_hotswap,1,B,,,
92,U47,inverse_socket_MX_hotswap,1,[,,,
93,U64,inverse_socket_MX_hotswap,1,""";;;
94;""U38",inverse_socket_MX_hotswap,1,W
95,U72,inverse_socket_MX_hotswap,1,N,,,
96,U9,inverse_socket_MX_hotswap,1,F6,,,
97,U62,inverse_socket_MX_hotswap,1,L,,,
98,U93,inverse_socket_MX_hotswap,1,ArLe,,,
99,U73,inverse_socket_MX_hotswap,1,M,,,
